feature_id,domain,feature,documented,backend_status,api_status,ui_status,end_to_end_status,roles,tenant_scope,database_support,integration_support,test_support,gap_type,priority,dependencies,notes,evidence
F-001,Identity,OTP login,YES,COMPLETE,COMPLETE,COMPLETE,COMPLETE,"BUYER,MERCHANT_OWNER,MERCHANT_STAFF,ADMIN",user,sessions,NONE,E2E,NONE,LOW,,dual auth; mobile+web+admin,"apps/api/src/modules/identity/auth.controller.ts; docs/production/CAPABILITY-MATRIX.md §1"
F-002,Identity,Password login + credentials,YES,COMPLETE,COMPLETE,COMPLETE,COMPLETE,ALL,user,users,NONE,E2E,NONE,LOW,,credential setup/change password,"auth.controller.ts; profile.controller.ts (credentials/*)"
F-003,Identity,Token refresh + session management,YES,COMPLETE,COMPLETE,COMPLETE,COMPLETE,ALL,user,sessions,NONE,E2E,NONE,LOW,,rotation + revocation; remediation report,"auth.controller.ts refresh; docs/production/JWT-REFRESH-SECURITY-REMEDIATION-REPORT.md"
F-004,Identity,Device trust + management,YES,COMPLETE,COMPLETE,COMPLETE,COMPLETE,ALL,user,device_tokens,FCM,UNIT,NONE,LOW,,devices register/unregister,"profile.controller.ts devices; mobile credential_setup"
F-005,Organization,Organization CRUD,YES,COMPLETE,COMPLETE,COMPLETE,COMPLETE,"MERCHANT_OWNER,ADMIN",org,organizations,NONE,E2E,NONE,LOW,,admin+merchant+mobile UI,"organizations.controller.ts; apps/admin/src/app/organizations"
F-006,Organization,Org member management,YES,COMPLETE,COMPLETE,PARTIAL,PARTIAL,"MERCHANT_OWNER,ADMIN",org,organization_members,NONE,E2E,UX,MEDIUM,,buyer web lacks member management (switch only); merchant+mobile complete,"organizations.controller.ts members endpoints; apps/web/src/app/account/page.tsx"
F-007,Organization,Org switching,YES,COMPLETE,COMPLETE,COMPLETE,COMPLETE,ALL,org,organization_members,NONE,E2E,NONE,LOW,,JWT re-issue on switch,"auth.controller.ts switch-org; apps/web/src/lib/auth.ts"
F-008,Organization,Org update requests + review,YES,COMPLETE,COMPLETE,COMPLETE,COMPLETE,"MERCHANT_OWNER,ADMIN",org,organization_update_requests,NONE,INTEGRATION,NONE,LOW,,migration 0022,"admin.controller.ts org-update-requests"
F-009,Organization,Org invite codes,YES,COMPLETE,COMPLETE,PARTIAL,PARTIAL,ALL,org,organizations,NONE,UNIT,UX,LOW,,migration 0016; mobile join flow,"organizations.controller.ts join; 0016_org_invite_code.sql"
F-010,Organization,Branch hierarchy,NO,NOT_IMPLEMENTED,NOT_IMPLEMENTED,NOT_IMPLEMENTED,NOT_IMPLEMENTED,N/A,N/A,N/A,N/A,NONE,B2B PRODUCT,LOW,,documented Phase-1 fence (no multi-branch),"Smart_Commerce_Development_Implementation_Plan.md line 1352"
F-011,RBAC,Roles + permissions model,YES,COMPLETE,COMPLETE,COMPLETE,COMPLETE,"SUPER_ADMIN,ADMIN,MODERATOR,MERCHANT_OWNER,MERCHANT_STAFF,BUYER,DRIVER",org,"roles,permissions,role_permissions",NONE,E2E,NONE,LOW,,7 seeded roles (incl DRIVER) in canonical seed-pg.ts; ~117 perms; permission guards on all endpoints,"apps/api/infra/drizzle/seed-pg.ts; apps/api/src/common/guards"
F-012,RBAC,Tenant isolation / IDOR protection,YES,COMPLETE,COMPLETE,COMPLETE,COMPLETE,ALL,org,all tenant tables,NONE,E2E,NONE,LOW,,runtime-verified phase3 + B.5 gate 8,"apps/api/src/common/tenant-scope.ts; __tests__/integration"
F-013,RBAC,DRIVER role provisioning,YES,COMPLETE,COMPLETE,PARTIAL,PARTIAL,DRIVER,org,"roles,role_permissions,shipments.assigned_driver_id",NONE,INTEGRATION,FEATURE,MEDIUM,product decision,"DRIVER role + 6 perms seeded in seed-pg.ts (verified by seed-pg.postgres.spec L149); API + mobile operational; no web driver console or onboarding flow - deferred by M7.3-B.6 decision","apps/api/infra/drizzle/seed-pg.ts L324-336; apps/api/src/__tests__/integration/seed-pg.postgres.spec.ts; docs/production/SCS-M7.3-B.6-DRIVER-DECISION.md"
F-014,Customer,Merchant customer directory,YES,COMPLETE,COMPLETE,COMPLETE,COMPLETE,"MERCHANT_OWNER,MERCHANT_STAFF",store,orders-derived,NONE,E2E,NONE,LOW,,web + mobile,"merchant.controller.ts merchant/customers; apps/web/src/app/merchant/customers"
F-015,Customer,Buyer addresses / multi-location delivery,NO,NOT_IMPLEMENTED,NOT_IMPLEMENTED,NOT_IMPLEMENTED,NOT_IMPLEMENTED,BUYER,N/A,N/A,N/A,NONE,DATA,MEDIUM,,checkout free-text JSONB address only,"apps/web/src/app/checkout/page.tsx lines 23-130; orders.schema.ts deliveryAddress jsonb"
F-016,Customer,Customer contacts (multi-contact orgs),YES,PARTIAL,PARTIAL,PARTIAL,PARTIAL,BUYER,org,order-embedded,NONE,UNIT,DATA,LOW,,contacts attached to orders; no contact entity,"apps/api/src/modules/orders/order-identity.ts"
F-017,Customer,Customer lifecycle (activate/deactivate),YES,PARTIAL,PARTIAL,PARTIAL,PARTIAL,"MERCHANT_OWNER,ADMIN",org,org-level flag,NONE,UNIT,FEATURE,LOW,,org-level is_active only; no per-customer lifecycle,"0021_org_is_active.sql"
F-018,Catalog,Category taxonomy CRUD + tree,YES,COMPLETE,COMPLETE,COMPLETE,COMPLETE,"ADMIN,all read",global,categories,NONE,E2E,NONE,LOW,,admin UI + facets,"catalog.controller.ts categories; apps/admin/src/app/categories"
F-019,Catalog,Brands CRUD,YES,COMPLETE,COMPLETE,COMPLETE,COMPLETE,"ADMIN,all read",global,brands,NONE,E2E,NONE,LOW,,"catalog.controller.ts brands; apps/admin/src/app/brands"
F-020,Catalog,Attributes + groups + options,YES,COMPLETE,COMPLETE,COMPLETE,COMPLETE,ADMIN,global,"attribute_definitions,attribute_groups,attribute_options",NONE,E2E,NONE,LOW,,migrations 0023,"catalog.taxonomy.controller.ts"
F-021,Catalog,Product types + schema builder + conditional rules,YES,COMPLETE,COMPLETE,COMPLETE,COMPLETE,ADMIN,global,product_types,NONE,E2E,NONE,LOW,,three-panel builder; publish/readiness/versions/preview,"catalog.taxonomy.controller.ts product-types; conditional-rules.service.ts"
F-022,Catalog,Products CRUD + media + bulk,YES,COMPLETE,COMPLETE,COMPLETE,COMPLETE,"MERCHANT_OWNER,ADMIN(moderate)",store,"products,product_media",S3,E2E,NONE,LOW,,product studio 6-step + import,"catalog.controller.ts products"
F-023,Catalog,Variants + variant matrix,YES,COMPLETE,COMPLETE,COMPLETE,COMPLETE,"MERCHANT_OWNER,BUYER(read)",store,"product_variants,variant_attribute_values",NONE,E2E,NONE,LOW,,variant-matrix endpoint + dynamic selector,"catalog.controller.ts variants; apps/web PDP VariantSelector"
F-024,Catalog,Canonical products + GTIN/EAN/MPN dedup,YES,COMPLETE,COMPLETE,COMPLETE,COMPLETE,"MERCHANT_OWNER,ADMIN",global,product_sources,NONE,INTEGRATION,NONE,LOW,,Catalog Phase 7,"catalog.controller.ts canonical/*; 0025_canonical_products.sql"
F-025,Catalog,Product moderation,YES,COMPLETE,COMPLETE,COMPLETE,COMPLETE,"ADMIN,MODERATOR",global,products,NONE,E2E,NONE,LOW,,admin approve/reject,"admin.controller.ts products/:id/moderate"
F-026,Catalog,Data quality + corrupted variants,YES,COMPLETE,COMPLETE,COMPLETE,COMPLETE,ADMIN,global,derived,NONE,INTEGRATION,NONE,LOW,,admin dashboards,"catalog.controller.ts admin/data-quality"
F-027,Offers,Merchant offer lifecycle FSM,YES,COMPLETE,COMPLETE,COMPLETE,COMPLETE,"MERCHANT_OWNER,ADMIN(govern)",store,merchant_offers,NONE,E2E,NONE,LOW,,DRAFT-PROPOSED-ACTIVE + governance,"catalog.offer.controller.ts; 0026_merchant_offers.sql"
F-028,Offers,Offer comparison + ranked badges,YES,COMPLETE,COMPLETE,COMPLETE,COMPLETE,BUYER,global,derived,NONE,E2E,NONE,LOW,,PDP OfferComparisonTable,"catalog.offer.controller.ts ranked; apps/web PDP"
F-029,Offers,Offer snapshots at checkout,YES,COMPLETE,COMPLETE,COMPLETE,COMPLETE,system,order,order_items,NONE,E2E,NONE,LOW,,immutable; migration 0029,"0029_offer_snapshot.sql; orders.service.ts"
F-030,Pricing,Price lists + quantity tiers,YES,COMPLETE,COMPLETE,COMPLETE,COMPLETE,MERCHANT_OWNER,store,"price_lists,price_tiers",NONE,E2E,NONE,LOW,,merchant pricing UI,"pricing.controller.ts; apps/web/src/app/merchant/pricing"
F-031,Pricing,Shared price resolution (PDP/cart/checkout),YES,COMPLETE,COMPLETE,COMPLETE,COMPLETE,system,store,derived,NONE,E2E,NONE,LOW,,priority+validity+qty ladder,"apps/api/src/modules/pricing/price-resolution.ts"
F-032,Pricing,Customer-segment / contract pricing,YES,PARTIAL,PARTIAL,NOT_IMPLEMENTED,NOT_IMPLEMENTED,MERCHANT_OWNER,store,price_lists.audience,NONE,NONE,DATA,MEDIUM,product decision,"schema columns dark; no segments table; resolution ignores audience","0006_pricing.sql; price-resolution.ts (no audience filter)"
F-033,Pricing,MOQ enforcement,NO,PARTIAL,PARTIAL,PARTIAL,PARTIAL,MERCHANT_OWNER,store,price_tiers.min_qty,NONE,UNIT,B2B PRODUCT,LOW,product decision,tier min_qty approximates breaks not enforced MOQ,"price-resolution.ts priceForQty"
F-034,Pricing,VAT/tax configuration,YES,PARTIAL,PARTIAL,PARTIAL,PARTIAL,system,order,order_financial_breakdown,NONE,E2E,DATA,MEDIUM,G-013,defaulted/zeroed at checkout (BG-2),"apps/api/src/modules/orders/order-pricing.ts; CAPABILITY-MATRIX BG-2"
F-035,Promotions,Promotions CRUD + validation + redemption,YES,COMPLETE,COMPLETE,COMPLETE,COMPLETE,"MERCHANT_OWNER,BUYER(apply)",store,"promotions,promotion_redemptions",NONE,E2E,NONE,LOW,,mobile gap per parity doc,"promotions.controller.ts"
F-036,Search,Full-text search + filters + facets,YES,COMPLETE,COMPLETE,COMPLETE,COMPLETE,"BUYER,all",global,search_queries,Redis,E2E,NONE,LOW,,FTS+trigram+dynamic attr facets+Arabic normalization,"catalog.controller.ts search; search.service"
F-037,Search,Product comparison,YES,COMPLETE,N/A,COMPLETE,COMPLETE,BUYER,N/A,N/A,NONE,E2E,NONE,LOW,,max 4; URL state,"apps/web/src/app/compare"
F-038,Cart,Multi-supplier cart + validation + promo,YES,COMPLETE,COMPLETE,COMPLETE,COMPLETE,BUYER,user,"carts,cart_items",NONE,E2E,NONE,LOW,,offer attribution per line,"cart.controller.ts; cart.service.ts"
F-039,Orders,Checkout + idempotency,YES,COMPLETE,COMPLETE,COMPLETE,COMPLETE,BUYER,user,"master_orders,orders,order_items",NONE,E2E,NONE,LOW,,key+fingerprint (0033),"orders.controller.ts checkout; 0033_idempotency_fingerprint.sql"
F-040,Orders,16-state order FSM + history,YES,COMPLETE,COMPLETE,COMPLETE,COMPLETE,"BUYER,MERCHANT_OWNER,ADMIN(read)",store,"orders,order_status_history",NONE,E2E,NONE,LOW,,runtime-verified transitions,"orders.service.ts FSM map; CAPABILITY-MATRIX §18"
F-041,Orders,Merchant accept/partial/reject,YES,COMPLETE,COMPLETE,COMPLETE,COMPLETE,MERCHANT_OWNER,store,orders,NONE,E2E,NONE,LOW,,optimistic lock + financial recalc,"orders.controller.ts accept|partial-accept|reject"
F-042,Orders,Order cancellation (buyer + merchant),YES,COMPLETE,COMPLETE,COMPLETE,COMPLETE,"BUYER,MERCHANT_OWNER",store,"orders,cancellation metadata",carrier cancel,E2E,NONE,LOW,,B.5: wins over RTS; OUT_FOR_DELIVERY cancellable,"orders.service.ts cancelOrder; 0048_cancellation_metadata.sql"
F-043,Orders,Reorder,YES,COMPLETE,COMPLETE,COMPLETE,COMPLETE,BUYER,user,orders,NONE,E2E,NONE,LOW,,replays via validated cart path,"orders.controller.ts master/:id/reorder"
F-044,Orders,Admin order oversight,YES,COMPLETE,COMPLETE,PARTIAL,PARTIAL,ADMIN,global,orders,NONE,E2E,WORKFLOW,MEDIUM,product decision,read-only detail; no intervention actions,"apps/admin/src/app/orders/[id]/page.tsx"
F-045,Orders,Order approval workflows (buyer-side),NO,NOT_IMPLEMENTED,NOT_IMPLEMENTED,NOT_IMPLEMENTED,NOT_IMPLEMENTED,BUYER,N/A,N/A,N/A,NONE,B2B PRODUCT,LOW,product decision,not in authoritative plan,"repository-wide scan: no approval entities"
F-046,Payments,Payment processing (provider + COD),YES,NOT_IMPLEMENTED,NOT_IMPLEMENTED,NOT_IMPLEMENTED,NOT_IMPLEMENTED,ALL,N/A,N/A,NONE,NONE,INTEGRATION,BLOCKING,provider selection,"payments module empty; PAYMENT_PENDING unreachable; Phase 3 planned","apps/api/src/modules/payments (empty dir); plan §1380"
F-047,Payments,Refunds,YES,NOT_IMPLEMENTED,NOT_IMPLEMENTED,NOT_IMPLEMENTED,NOT_IMPLEMENTED,ALL,N/A,N/A,NONE,NONE,FEATURE,BLOCKING,F-046,M7.3-D planned,"docs/production/SCS-M7.3-C-PRE-IMPLEMENTATION-ARCHITECTURE-AUDIT.md §3 (B.0 lock §27)"
F-048,Payments,Invoices / financial documents,YES,NOT_IMPLEMENTED,NOT_IMPLEMENTED,NOT_IMPLEMENTED,NOT_IMPLEMENTED,ALL,N/A,N/A,NONE,NONE,FEATURE,HIGH,F-046,"no invoice entities; no PDF generation; only prose refs","repo scan: 'invoice' only in 2 test files"
F-049,Credit/AR,Trade credit + payment terms,YES,NOT_IMPLEMENTED,NOT_IMPLEMENTED,NOT_IMPLEMENTED,NOT_IMPLEMENTED,MERCHANT_OWNER,N/A,N/A,NONE,NONE,B2B PRODUCT,LOW,P7 regulated,documented P7 fence,"plan lines 1352,1384"
F-050,Inventory,Stock adjust/transfer/bulk,YES,COMPLETE,COMPLETE,COMPLETE,COMPLETE,MERCHANT_OWNER,"store,warehouse","inventory_items,stock_movements",NONE,E2E,NONE,LOW,,web + mobile,"inventory.controller.ts"
F-051,Inventory,Reservation semantics (accept/cancel/deliver),YES,COMPLETE,COMPLETE,COMPLETE,COMPLETE,system,order,stock_movements,NONE,E2E,NONE,LOW,,ADR-0001 timing; concurrency verified,"orders.service.ts settleStockForStatus; docs/architecture/ADR-0001"
F-052,Inventory,Low-stock alerts,YES,COMPLETE,COMPLETE,COMPLETE,COMPLETE,MERCHANT_OWNER,store,inventory_items,NONE,E2E,NONE,LOW,,"inventory.controller.ts check-low-stock"
F-053,Inventory,Return-to-stock on returns,YES,NOT_IMPLEMENTED,NOT_IMPLEMENTED,NOT_IMPLEMENTED,NOT_IMPLEMENTED,system,N/A,stock_movements(RETURN),NONE,NONE,WORKFLOW,HIGH,F-047,"RETURN type in constraint but unused; M7.3-C audited","0020_stock_movement_constraint.sql; M7.3-C audit"
F-054,Shipping,Shipping methods + zones config,YES,COMPLETE,COMPLETE,COMPLETE,COMPLETE,MERCHANT_OWNER,store,"shipping_methods,delivery_zones",NONE,INTEGRATION,NONE,LOW,,merchant /merchant/shipping,"shipping.controller.ts; apps/web/src/app/merchant/shipping"
F-055,Shipping,Carrier integration (Aramex),YES,COMPLETE,COMPLETE,PARTIAL,PARTIAL,ADMIN,global,"carrier_credentials,carrier_configurations",Aramex API,E2E,UX,MEDIUM,R-1,"verified M7.2.3-B.x; M7.3-B.6 added admin /carrier console (credential/config/recovery visibility + reconcile trigger); credential/config write CRUD not surfaced (visibility milestone)","carrier-admin.controller.ts; apps/api/src/modules/shipping/aramex; apps/admin/src/app/carrier/page.tsx"
F-056,Shipping,Shipment create/cancel/tracking/labels,YES,COMPLETE,COMPLETE,COMPLETE,COMPLETE,"MERCHANT_OWNER,ADMIN",order,"shipments,shipment_labels",carrier,E2E,NONE,LOW,R-1,"admin /shipments(+[id]) + merchant /merchant/deliveries(+[id]) consoles drive create/cancel/tracking/labels; new GET /v1/shipments + /:id read model","shipment-operations.controller.ts; apps/admin/src/app/shipments; apps/web/src/app/merchant/deliveries"
F-057,Shipping,Carrier webhooks,YES,COMPLETE,COMPLETE,N/A,COMPLETE,system,global,carrier_webhook_events,carrier,INTEGRATION,NONE,LOW,,token-authenticated (0044),"carrier-webhook.controller.ts"
F-058,Shipping,Carrier reconciliation + recovery,YES,COMPLETE,COMPLETE,COMPLETE,COMPLETE,ADMIN,global,shipments recovery fields,carrier,E2E,NONE,LOW,R-1,"recovery queue + reconcile trigger surfaced in admin /carrier + detail console (admin:shipping:recovery); automated worker still out of scope","carrier-admin.controller.ts recover|recovery/queue; apps/admin/src/app/carrier/page.tsx; apps/admin/src/app/shipments/[id]/page.tsx"
F-059,Delivery,Delivery exceptions (8 types) + retry,YES,COMPLETE,COMPLETE,COMPLETE,COMPLETE,"MERCHANT_OWNER,ADMIN",order,shipments exception fields,carrier,E2E,NONE,LOW,R-1,"B.3.x/B.4 verified; M7.3-B.6 exposes report+retry in admin+merchant consoles and a buyer-safe exception/RTS projection in order tracking","shipment-operations.controller.ts exception|retry; apps/admin/src/app/shipments/[id]/page.tsx; apps/web/src/app/merchant/deliveries/[id]/page.tsx; apps/web/src/app/orders/[id]/page.tsx"
F-060,Delivery,RTS workflow (request/approve/reject/complete/LOST),YES,COMPLETE,COMPLETE,COMPLETE,COMPLETE,"MERCHANT_OWNER,ADMIN",order,shipments RTS states,NONE,E2E,NONE,LOW,R-1,"B.5 runtime-verified; M7.3-B.6 adds RTS queue + request/approve/reject/complete/LOST in admin console (request+complete also merchant); buyer sees return-to-seller state","shipment-operations.controller.ts rts/*; apps/admin/src/app/shipments; apps/web/src/app/merchant/deliveries/[id]/page.tsx"
F-061,Delivery,Driver assignment + pickup flow,YES,COMPLETE,COMPLETE,PARTIAL,PARTIAL,"MERCHANT_OWNER,DRIVER",store,orders driver fields,NONE,INTEGRATION,WORKFLOW,MEDIUM,F-013,"merchant assign-driver UI + mobile driver screen; DRIVER seeded in seed-pg.ts; no web driver console (deferred by M7.3-B.6 decision)","orders.controller.ts assign-driver|pickup; mobile driver_shipments_screen; apps/api/infra/drizzle/seed-pg.ts"
F-062,Delivery,Delivery proof,YES,COMPLETE,COMPLETE,PARTIAL,PARTIAL,"MERCHANT_OWNER,DRIVER",order,delivery_proofs,NONE,INTEGRATION,UX,LOW,,table + confirm-delivery; thin UI,"0047_delivery_completion.sql; orders.controller.ts confirm-delivery"
F-063,Returns,Post-delivery returns (RMA),YES,NOT_IMPLEMENTED,NOT_IMPLEMENTED,NOT_IMPLEMENTED,NOT_IMPLEMENTED,"BUYER,MERCHANT_OWNER",N/A,N/A,NONE,NONE,WORKFLOW,HIGH,F-060 F-053,"M7.3-C audited (GO 8 conditions); distinct from RTS","docs/production/SCS-M7.3-C-PRE-IMPLEMENTATION-ARCHITECTURE-AUDIT.md"
F-064,Reviews,Reviews + trust snapshots,YES,COMPLETE,COMPLETE,COMPLETE,COMPLETE,"BUYER,all read",store,"reviews,trust_snapshots",NONE,E2E,NONE,LOW,,"reviews.controller.ts"
F-065,Disputes,Dispute create/evidence/events/resolve,YES,COMPLETE,COMPLETE,COMPLETE,COMPLETE,"BUYER,ADMIN(resolve)",order,"disputes,dispute_events",NONE,E2E,NONE,LOW,,resolution manual (BG-5); no financial lever,"disputes.controller.ts"
F-066,Comms,Conversations / chat,YES,COMPLETE,COMPLETE,NOT_IMPLEMENTED,BACKEND_ONLY,"BUYER,MERCHANT_OWNER",order,"conversations,messages",NONE,INTEGRATION,UX,LOW,product decision,schema+API shipped; chat UI documented fast-follow,"disputes.controller.ts conversations/*; plan line 1352"
F-067,Notifications,In-app notifications + preferences,YES,COMPLETE,COMPLETE,COMPLETE,COMPLETE,ALL,user,"notifications,notification_preferences",NONE,E2E,NONE,LOW,,"notifications.controller.ts"
F-068,Notifications,Push (FCM),YES,COMPLETE,COMPLETE,COMPLETE,COMPLETE,ALL,user,device_tokens,FCM,INTEGRATION,NONE,LOW,,"notifications.service.ts"
F-069,Notifications,SMS channel,YES,PARTIAL,PARTIAL,PARTIAL,PARTIAL,system,user,notifications,SMS(stub),UNIT,INTEGRATION,HIGH,provider contract,"sendSms stub; OTP deliverability risk","notifications.service.ts line 312"
F-070,Notifications,Email channel,NO,NOT_IMPLEMENTED,NOT_IMPLEMENTED,NOT_IMPLEMENTED,NOT_IMPLEMENTED,system,N/A,N/A,NONE,NONE,INTEGRATION,HIGH,provider contract,no email provider anywhere,"apps/api/package.json (no mail deps)"
F-071,Notifications,Shipping/RTS event notifications,YES,NOT_IMPLEMENTED,NOT_IMPLEMENTED,NOT_IMPLEMENTED,NOT_IMPLEMENTED,ALL,N/A,outbox events,NONE,NONE,FEATURE,MEDIUM,F-060,M7.3-F planned,"M7.3-C audit §3 (B.0 lock §27)"
F-072,Analytics,Event tracking + reading,YES,COMPLETE,COMPLETE,COMPLETE,COMPLETE,"all(track),ADMIN(read)",global,analytics_events,NONE,E2E,NONE,LOW,,partitioned; retention migration,"analytics.controller.ts; 0013/0018 migrations"
F-073,Analytics,Business reporting (sales/ops/finance),YES,PARTIAL,PARTIAL,PARTIAL,PARTIAL,"MERCHANT_OWNER,ADMIN",global,derived,NONE,INTEGRATION,FEATURE,MEDIUM,F-046,KPIs only; no sales/ops/finance reports,"admin.controller.ts kpis; apps/admin/src/app/kpis"
F-074,Audit,Audit logs + viewer,YES,COMPLETE,COMPLETE,COMPLETE,COMPLETE,ADMIN,global,audit_logs,NONE,E2E,NONE,LOW,,middleware + admin page,"audit module; apps/admin/src/app/audit"
F-075,Audit,Outbox event infrastructure,YES,COMPLETE,COMPLETE,N/A,COMPLETE,system,global,outbox_events,NONE,E2E,NONE,LOW,,idempotent dispatch; shipment RTS events,"audit.schema.ts outboxEvents; OutboxDispatcher"
F-076,Import/Export,XLSX catalog import pipeline,YES,COMPLETE,COMPLETE,COMPLETE,COMPLETE,"ADMIN,MERCHANT_OWNER",store,"catalog_imports,catalog_import_errors",NONE,E2E,NONE,LOW,,parse-validate-resolve-plan-execute; template; history,"catalog-import.controller.ts"
F-077,Import/Export,CSV exports (products/inventory/movements),YES,COMPLETE,COMPLETE,COMPLETE,COMPLETE,MERCHANT_OWNER,store,derived,NONE,E2E,NONE,LOW,,"catalog.controller.ts export; inventory.controller.ts export"
F-078,Import/Export,Bulk CSV ordering,NO,NOT_IMPLEMENTED,NOT_IMPLEMENTED,NOT_IMPLEMENTED,NOT_IMPLEMENTED,BUYER,N/A,N/A,NONE,NONE,B2B PRODUCT,LOW,product decision,B2B convenience gap,"repo scan: none"
F-079,Admin,Verification queue,YES,COMPLETE,COMPLETE,COMPLETE,COMPLETE,ADMIN,global,verification_requests,S3,E2E,NONE,LOW,,"merchant.controller.ts verification; apps/admin/src/app/verification"
F-080,Admin,Feature flags management,YES,PARTIAL,NOT_IMPLEMENTED,NOT_IMPLEMENTED,NOT_IMPLEMENTED,ADMIN,global,feature_flags,NONE,NONE,FEATURE,LOW,,table exists; no controller/UI,"migrations; no flags controller found"
F-081,Platform,Realtime (websocket) push,YES,COMPLETE,COMPLETE,PARTIAL,PARTIAL,ALL,user,N/A,socket.io,UNIT,TESTING,LOW,,fire-and-forget; not E2E verified (BG-4),"realtime.gateway.ts; CAPABILITY-MATRIX BG-4"
F-082,Platform,i18n / Arabic / RTL,YES,NOT_IMPLEMENTED,N/A,NOT_IMPLEMENTED,NOT_IMPLEMENTED,ALL,N/A,N/A,NONE,NONE,UX,HIGH,product decision,"hardcoded lang=en dir=ltr; Arabic only in search normalization","apps/web/src/app/layout.tsx; apps/admin/src/app/layout.tsx"
F-083,Platform,Health checks + observability,YES,COMPLETE,COMPLETE,N/A,COMPLETE,system,N/A,N/A,OTel,UNIT,NONE,LOW,,terminus + pino + OTel + SLO docs,"apps/api/src/health.controller.ts; docs/monitoring/slo-and-alerting.md"
F-084,Support,Helpdesk / ticketing,NO,NOT_IMPLEMENTED,NOT_IMPLEMENTED,NOT_IMPLEMENTED,NOT_IMPLEMENTED,ALL,N/A,N/A,NONE,NONE,FEATURE,LOW,product decision,support module is empty stub,"apps/api/src/modules/support/support.module.ts"
F-085,RFQ,Quotation / RFQ domain,NO,NOT_IMPLEMENTED,NOT_IMPLEMENTED,NOT_IMPLEMENTED,NOT_IMPLEMENTED,"BUYER,MERCHANT_OWNER",N/A,N/A,NONE,NONE,B2B PRODUCT,MEDIUM,product decision,absent from plan and code,"repository-wide scan: zero quote/RFQ entities"
